{
    "extends": "tslint:recommended",
    "rulesDirectory": "./custom-ts-rules",
    "rules": {
        "copyright-required": true,
        "max-line-length": {
            "options": [120]
        },
        "new-parens": true,
        "no-arg": true,
        "no-bitwise": true,
        "no-conditional-assignment": true,
        "no-consecutive-blank-lines": false,
        "no-console": {
            "severity": "warning",
            "options": ["debug", "info", "log", "time", "timeEnd", "trace"]
        }
    }
    /* "jsRules": {
        "max-line-length": {
            "options": [120]
        }
    } */
}